split,area,room,room_dir,missing,errors,len_mismatch,"segment_is_(N,1)","instance_is_(N,1)",coord.shape,color.shape,normal.shape,segment.shape,instance.shape,coord.dtype,color.dtype,normal.dtype,segment.dtype,instance.dtype,segment_min,segment_max,label_range_ok
train,Area_1,WC_1,./data/s3dis/train/Area_1/WC_1,,,False,True,True,1112933x3,1112933x3,1112933x3,1112933x1,1112933x1,float32,uint8,float32,int16,int16,0,12,True
train,Area_1,conferenceRoom_1,./data/s3dis/train/Area_1/conferenceRoom_1,,,False,True,True,1136617x3,1136617x3,1136617x3,1136617x1,1136617x1,float32,uint8,float32,int16,int16,0,12,True
train,Area_1,conferenceRoom_2,./data/s3dis/train/Area_1/conferenceRoom_2,,,False,True,True,1535040x3,1535040x3,1535040x3,1535040x1,1535040x1,float32,uint8,float32,int16,int16,0,12,True
train,Area_1,copyRoom_1,./data/s3dis/train/Area_1/copyRoom_1,,,False,True,True,510949x3,510949x3,510949x3,510949x1,510949x1,float32,uint8,float32,int16,int16,0,12,True
train,Area_1,hallway_1,./data/s3dis/train/Area_1/hallway_1,,,False,True,True,344097x3,344097x3,344097x3,344097x1,344097x1,float32,uint8,float32,int16,int16,0,12,True
train,Area_1,hallway_2,./data/s3dis/train/Area_1/hallway_2,,,False,True,True,579313x3,579313x3,579313x3,579313x1,579313x1,float32,uint8,float32,int16,int16,0,12,True
train,Area_1,hallway_3,./data/s3dis/train/Area_1/hallway_3,,,False,True,True,369279x3,369279x3,369279x3,369279x1,369279x1,float32,uint8,float32,int16,int16,0,12,True
train,Area_1,hallway_4,./data/s3dis/train/Area_1/hallway_4,,,False,True,True,367003x3,367003x3,367003x3,367003x1,367003x1,float32,uint8,float32,int16,int16,0,12,True
train,Area_1,hallway_5,./data/s3dis/train/Area_1/hallway_5,,,False,True,True,465400x3,465400x3,465400x3,465400x1,465400x1,float32,uint8,float32,int16,int16,0,12,True
train,Area_1,hallway_6,./data/s3dis/train/Area_1/hallway_6,,,False,True,True,3840664x3,3840664x3,3840664x3,3840664x1,3840664x1,float32,uint8,float32,int16,int16,0,12,True
train,Area_1,hallway_7,./data/s3dis/train/Area_1/hallway_7,,,False,True,True,3319646x3,3319646x3,3319646x3,3319646x1,3319646x1,float32,uint8,float32,int16,int16,0,12,True
train,Area_1,hallway_8,./data/s3dis/train/Area_1/hallway_8,,,False,True,True,1250030x3,1250030x3,1250030x3,1250030x1,1250030x1,float32,uint8,float32,int16,int16,0,12,True
train,Area_1,office_1,./data/s3dis/train/Area_1/office_1,,,False,True,True,884955x3,884955x3,884955x3,884955x1,884955x1,float32,uint8,float32,int16,int16,0,12,True
train,Area_1,office_10,./data/s3dis/train/Area_1/office_10,,,False,True,True,804674x3,804674x3,804674x3,804674x1,804674x1,float32,uint8,float32,int16,int16,0,12,True
train,Area_1,office_11,./data/s3dis/train/Area_1/office_11,,,False,True,True,826749x3,826749x3,826749x3,826749x1,826749x1,float32,uint8,float32,int16,int16,0,12,True
train,Area_1,office_12,./data/s3dis/train/Area_1/office_12,,,False,True,True,784578x3,784578x3,784578x3,784578x1,784578x1,float32,uint8,float32,int16,int16,0,12,True
train,Area_1,office_13,./data/s3dis/train/Area_1/office_13,,,False,True,True,684204x3,684204x3,684204x3,684204x1,684204x1,float32,uint8,float32,int16,int16,0,12,True
train,Area_1,office_14,./data/s3dis/train/Area_1/office_14,,,False,True,True,698524x3,698524x3,698524x3,698524x1,698524x1,float32,uint8,float32,int16,int16,0,12,True
train,Area_1,office_15,./data/s3dis/train/Area_1/office_15,,,False,True,True,469658x3,469658x3,469658x3,469658x1,469658x1,float32,uint8,float32,int16,int16,0,12,True
train,Area_1,office_16,./data/s3dis/train/Area_1/office_16,,,False,True,True,1399240x3,1399240x3,1399240x3,1399240x1,1399240x1,float32,uint8,float32,int16,int16,0,12,True
train,Area_1,office_17,./data/s3dis/train/Area_1/office_17,,,False,True,True,889762x3,889762x3,889762x3,889762x1,889762x1,float32,uint8,float32,int16,int16,0,12,True
train,Area_1,office_18,./data/s3dis/train/Area_1/office_18,,,False,True,True,794160x3,794160x3,794160x3,794160x1,794160x1,float32,uint8,float32,int16,int16,0,12,True
train,Area_1,office_19,./data/s3dis/train/Area_1/office_19,,,False,True,True,848534x3,848534x3,848534x3,848534x1,848534x1,float32,uint8,float32,int16,int16,0,12,True
train,Area_1,office_2,./data/s3dis/train/Area_1/office_2,,,False,True,True,909798x3,909798x3,909798x3,909798x1,909798x1,float32,uint8,float32,int16,int16,0,12,True
train,Area_1,office_20,./data/s3dis/train/Area_1/office_20,,,False,True,True,873306x3,873306x3,873306x3,873306x1,873306x1,float32,uint8,float32,int16,int16,0,12,True
train,Area_1,office_21,./data/s3dis/train/Area_1/office_21,,,False,True,True,874359x3,874359x3,874359x3,874359x1,874359x1,float32,uint8,float32,int16,int16,0,12,True
train,Area_1,office_22,./data/s3dis/train/Area_1/office_22,,,False,True,True,822089x3,822089x3,822089x3,822089x1,822089x1,float32,uint8,float32,int16,int16,0,12,True
train,Area_1,office_23,./data/s3dis/train/Area_1/office_23,,,False,True,True,856367x3,856367x3,856367x3,856367x1,856367x1,float32,uint8,float32,int16,int16,0,12,True
train,Area_1,office_24,./data/s3dis/train/Area_1/office_24,,,False,True,True,841960x3,841960x3,841960x3,841960x1,841960x1,float32,uint8,float32,int16,int16,0,12,True
train,Area_1,office_25,./data/s3dis/train/Area_1/office_25,,,False,True,True,802847x3,802847x3,802847x3,802847x1,802847x1,float32,uint8,float32,int16,int16,0,12,True
train,Area_1,office_26,./data/s3dis/train/Area_1/office_26,,,False,True,True,813738x3,813738x3,813738x3,813738x1,813738x1,float32,uint8,float32,int16,int16,0,12,True
train,Area_1,office_27,./data/s3dis/train/Area_1/office_27,,,False,True,True,836192x3,836192x3,836192x3,836192x1,836192x1,float32,uint8,float32,int16,int16,0,12,True
train,Area_1,office_28,./data/s3dis/train/Area_1/office_28,,,False,True,True,718834x3,718834x3,718834x3,718834x1,718834x1,float32,uint8,float32,int16,int16,0,12,True
train,Area_1,office_29,./data/s3dis/train/Area_1/office_29,,,False,True,True,502947x3,502947x3,502947x3,502947x1,502947x1,float32,uint8,float32,int16,int16,0,12,True
train,Area_1,office_3,./data/s3dis/train/Area_1/office_3,,,False,True,True,844607x3,844607x3,844607x3,844607x1,844607x1,float32,uint8,float32,int16,int16,0,12,True
train,Area_1,office_30,./data/s3dis/train/Area_1/office_30,,,False,True,True,1895645x3,1895645x3,1895645x3,1895645x1,1895645x1,float32,uint8,float32,int16,int16,0,12,True
train,Area_1,office_31,./data/s3dis/train/Area_1/office_31,,,False,True,True,3804929x3,3804929x3,3804929x3,3804929x1,3804929x1,float32,uint8,float32,int16,int16,0,12,True
train,Area_1,office_4,./data/s3dis/train/Area_1/office_4,,,False,True,True,625144x3,625144x3,625144x3,625144x1,625144x1,float32,uint8,float32,int16,int16,0,12,True
train,Area_1,office_5,./data/s3dis/train/Area_1/office_5,,,False,True,True,652373x3,652373x3,652373x3,652373x1,652373x1,float32,uint8,float32,int16,int16,0,12,True
train,Area_1,office_6,./data/s3dis/train/Area_1/office_6,,,False,True,True,618584x3,618584x3,618584x3,618584x1,618584x1,float32,uint8,float32,int16,int16,0,12,True
train,Area_1,office_7,./data/s3dis/train/Area_1/office_7,,,False,True,True,645540x3,645540x3,645540x3,645540x1,645540x1,float32,uint8,float32,int16,int16,0,12,True
train,Area_1,office_8,./data/s3dis/train/Area_1/office_8,,,False,True,True,833682x3,833682x3,833682x3,833682x1,833682x1,float32,uint8,float32,int16,int16,0,12,True
train,Area_1,office_9,./data/s3dis/train/Area_1/office_9,,,False,True,True,825980x3,825980x3,825980x3,825980x1,825980x1,float32,uint8,float32,int16,int16,0,12,True
train,Area_1,pantry_1,./data/s3dis/train/Area_1/pantry_1,,,False,True,True,511880x3,511880x3,511880x3,511880x1,511880x1,float32,uint8,float32,int16,int16,0,12,True
train,Area_2,WC_1,./data/s3dis/train/Area_2/WC_1,,,False,True,True,610183x3,610183x3,610183x3,610183x1,610183x1,float32,uint8,float32,int16,int16,0,12,True
train,Area_2,WC_2,./data/s3dis/train/Area_2/WC_2,,,False,True,True,859076x3,859076x3,859076x3,859076x1,859076x1,float32,uint8,float32,int16,int16,0,12,True
train,Area_2,auditorium_1,./data/s3dis/train/Area_2/auditorium_1,,,False,True,True,7063406x3,7063406x3,7063406x3,7063406x1,7063406x1,float32,uint8,float32,int16,int16,0,12,True
train,Area_2,auditorium_2,./data/s3dis/train/Area_2/auditorium_2,,,False,True,True,9273742x3,9273742x3,9273742x3,9273742x1,9273742x1,float32,uint8,float32,int16,int16,0,12,True
train,Area_2,conferenceRoom_1,./data/s3dis/train/Area_2/conferenceRoom_1,,,False,True,True,2314634x3,2314634x3,2314634x3,2314634x1,2314634x1,float32,uint8,float32,int16,int16,0,12,True
train,Area_2,hallway_1,./data/s3dis/train/Area_2/hallway_1,,,False,True,True,276730x3,276730x3,276730x3,276730x1,276730x1,float32,uint8,float32,int16,int16,0,12,True
train,Area_2,hallway_10,./data/s3dis/train/Area_2/hallway_10,,,False,True,True,2496809x3,2496809x3,2496809x3,2496809x1,2496809x1,float32,uint8,float32,int16,int16,0,12,True
train,Area_2,hallway_11,./data/s3dis/train/Area_2/hallway_11,,,False,True,True,446041x3,446041x3,446041x3,446041x1,446041x1,float32,uint8,float32,int16,int16,0,12,True
train,Area_2,hallway_12,./data/s3dis/train/Area_2/hallway_12,,,False,True,True,1191262x3,1191262x3,1191262x3,1191262x1,1191262x1,float32,uint8,float32,int16,int16,0,12,True
train,Area_2,hallway_2,./data/s3dis/train/Area_2/hallway_2,,,False,True,True,1099671x3,1099671x3,1099671x3,1099671x1,1099671x1,float32,uint8,float32,int16,int16,0,12,True
train,Area_2,hallway_3,./data/s3dis/train/Area_2/hallway_3,,,False,True,True,1162762x3,1162762x3,1162762x3,1162762x1,1162762x1,float32,uint8,float32,int16,int16,0,12,True
train,Area_2,hallway_4,./data/s3dis/train/Area_2/hallway_4,,,False,True,True,363092x3,363092x3,363092x3,363092x1,363092x1,float32,uint8,float32,int16,int16,0,12,True
train,Area_2,hallway_5,./data/s3dis/train/Area_2/hallway_5,,,False,True,True,2970017x3,2970017x3,2970017x3,2970017x1,2970017x1,float32,uint8,float32,int16,int16,0,12,True
train,Area_2,hallway_6,./data/s3dis/train/Area_2/hallway_6,,,False,True,True,267723x3,267723x3,267723x3,267723x1,267723x1,float32,uint8,float32,int16,int16,0,12,True
train,Area_2,hallway_7,./data/s3dis/train/Area_2/hallway_7,,,False,True,True,249145x3,249145x3,249145x3,249145x1,249145x1,float32,uint8,float32,int16,int16,0,12,True
train,Area_2,hallway_8,./data/s3dis/train/Area_2/hallway_8,,,False,True,True,4084133x3,4084133x3,4084133x3,4084133x1,4084133x1,float32,uint8,float32,int16,int16,0,12,True
train,Area_2,hallway_9,./data/s3dis/train/Area_2/hallway_9,,,False,True,True,383613x3,383613x3,383613x3,383613x1,383613x1,float32,uint8,float32,int16,int16,0,12,True
train,Area_2,office_1,./data/s3dis/train/Area_2/office_1,,,False,True,True,424365x3,424365x3,424365x3,424365x1,424365x1,float32,uint8,float32,int16,int16,0,12,True
train,Area_2,office_10,./data/s3dis/train/Area_2/office_10,,,False,True,True,524135x3,524135x3,524135x3,524135x1,524135x1,float32,uint8,float32,int16,int16,0,12,True
train,Area_2,office_11,./data/s3dis/train/Area_2/office_11,,,False,True,True,584471x3,584471x3,584471x3,584471x1,584471x1,float32,uint8,float32,int16,int16,0,12,True
train,Area_2,office_12,./data/s3dis/train/Area_2/office_12,,,False,True,True,609447x3,609447x3,609447x3,609447x1,609447x1,float32,uint8,float32,int16,int16,0,12,True
train,Area_2,office_13,./data/s3dis/train/Area_2/office_13,,,False,True,True,575663x3,575663x3,575663x3,575663x1,575663x1,float32,uint8,float32,int16,int16,0,12,True
train,Area_2,office_14,./data/s3dis/train/Area_2/office_14,,,False,True,True,1352790x3,1352790x3,1352790x3,1352790x1,1352790x1,float32,uint8,float32,int16,int16,0,12,True
train,Area_2,office_2,./data/s3dis/train/Area_2/office_2,,,False,True,True,473604x3,473604x3,473604x3,473604x1,473604x1,float32,uint8,float32,int16,int16,0,12,True
train,Area_2,office_3,./data/s3dis/train/Area_2/office_3,,,False,True,True,570662x3,570662x3,570662x3,570662x1,570662x1,float32,uint8,float32,int16,int16,0,12,True
train,Area_2,office_4,./data/s3dis/train/Area_2/office_4,,,False,True,True,1153565x3,1153565x3,1153565x3,1153565x1,1153565x1,float32,uint8,float32,int16,int16,0,12,True
train,Area_2,office_5,./data/s3dis/train/Area_2/office_5,,,False,True,True,1104420x3,1104420x3,1104420x3,1104420x1,1104420x1,float32,uint8,float32,int16,int16,0,12,True
train,Area_2,office_6,./data/s3dis/train/Area_2/office_6,,,False,True,True,444682x3,444682x3,444682x3,444682x1,444682x1,float32,uint8,float32,int16,int16,0,12,True
train,Area_2,office_7,./data/s3dis/train/Area_2/office_7,,,False,True,True,450437x3,450437x3,450437x3,450437x1,450437x1,float32,uint8,float32,int16,int16,0,12,True
train,Area_2,office_8,./data/s3dis/train/Area_2/office_8,,,False,True,True,574965x3,574965x3,574965x3,574965x1,574965x1,float32,uint8,float32,int16,int16,0,12,True
train,Area_2,office_9,./data/s3dis/train/Area_2/office_9,,,False,True,True,513108x3,513108x3,513108x3,513108x1,513108x1,float32,uint8,float32,int16,int16,0,12,True
train,Area_2,storage_1,./data/s3dis/train/Area_2/storage_1,,,False,True,True,201841x3,201841x3,201841x3,201841x1,201841x1,float32,uint8,float32,int16,int16,0,12,True
train,Area_2,storage_2,./data/s3dis/train/Area_2/storage_2,,,False,True,True,372629x3,372629x3,372629x3,372629x1,372629x1,float32,uint8,float32,int16,int16,0,12,True
train,Area_2,storage_3,./data/s3dis/train/Area_2/storage_3,,,False,True,True,391370x3,391370x3,391370x3,391370x1,391370x1,float32,uint8,float32,int16,int16,0,12,True
train,Area_2,storage_4,./data/s3dis/train/Area_2/storage_4,,,False,True,True,409396x3,409396x3,409396x3,409396x1,409396x1,float32,uint8,float32,int16,int16,0,12,True
train,Area_2,storage_5,./data/s3dis/train/Area_2/storage_5,,,False,True,True,343859x3,343859x3,343859x3,343859x1,343859x1,float32,uint8,float32,int16,int16,0,12,True
train,Area_2,storage_6,./data/s3dis/train/Area_2/storage_6,,,False,True,True,282918x3,282918x3,282918x3,282918x1,282918x1,float32,uint8,float32,int16,int16,0,12,True
train,Area_2,storage_7,./data/s3dis/train/Area_2/storage_7,,,False,True,True,363586x3,363586x3,363586x3,363586x1,363586x1,float32,uint8,float32,int16,int16,0,12,True
train,Area_2,storage_8,./data/s3dis/train/Area_2/storage_8,,,False,True,True,227921x3,227921x3,227921x3,227921x1,227921x1,float32,uint8,float32,int16,int16,0,12,True
train,Area_2,storage_9,./data/s3dis/train/Area_2/storage_9,,,False,True,True,253499x3,253499x3,253499x3,253499x1,253499x1,float32,uint8,float32,int16,int16,0,12,True
train,Area_3,WC_1,./data/s3dis/train/Area_3/WC_1,,,False,True,True,1049844x3,1049844x3,1049844x3,1049844x1,1049844x1,float32,uint8,float32,int16,int16,0,12,True
train,Area_3,WC_2,./data/s3dis/train/Area_3/WC_2,,,False,True,True,1141736x3,1141736x3,1141736x3,1141736x1,1141736x1,float32,uint8,float32,int16,int16,0,12,True
train,Area_3,conferenceRoom_1,./data/s3dis/train/Area_3/conferenceRoom_1,,,False,True,True,1266990x3,1266990x3,1266990x3,1266990x1,1266990x1,float32,uint8,float32,int16,int16,0,12,True
train,Area_3,hallway_1,./data/s3dis/train/Area_3/hallway_1,,,False,True,True,973222x3,973222x3,973222x3,973222x1,973222x1,float32,uint8,float32,int16,int16,0,12,True
train,Area_3,hallway_2,./data/s3dis/train/Area_3/hallway_2,,,False,True,True,1193228x3,1193228x3,1193228x3,1193228x1,1193228x1,float32,uint8,float32,int16,int16,0,12,True
train,Area_3,hallway_3,./data/s3dis/train/Area_3/hallway_3,,,False,True,True,175075x3,175075x3,175075x3,175075x1,175075x1,float32,uint8,float32,int16,int16,0,12,True
train,Area_3,hallway_4,./data/s3dis/train/Area_3/hallway_4,,,False,True,True,1542355x3,1542355x3,1542355x3,1542355x1,1542355x1,float32,uint8,float32,int16,int16,0,12,True
train,Area_3,hallway_5,./data/s3dis/train/Area_3/hallway_5,,,False,True,True,108666x3,108666x3,108666x3,108666x1,108666x1,float32,uint8,float32,int16,int16,0,2,True
train,Area_3,hallway_6,./data/s3dis/train/Area_3/hallway_6,,,False,True,True,207314x3,207314x3,207314x3,207314x1,207314x1,float32,uint8,float32,int16,int16,0,12,True
train,Area_3,lounge_1,./data/s3dis/train/Area_3/lounge_1,,,False,True,True,1067465x3,1067465x3,1067465x3,1067465x1,1067465x1,float32,uint8,float32,int16,int16,0,12,True
train,Area_3,lounge_2,./data/s3dis/train/Area_3/lounge_2,,,False,True,True,1998447x3,1998447x3,1998447x3,1998447x1,1998447x1,float32,uint8,float32,int16,int16,0,12,True
train,Area_3,office_1,./data/s3dis/train/Area_3/office_1,,,False,True,True,759861x3,759861x3,759861x3,759861x1,759861x1,float32,uint8,float32,int16,int16,0,12,True
train,Area_3,office_10,./data/s3dis/train/Area_3/office_10,,,False,True,True,592838x3,592838x3,592838x3,592838x1,592838x1,float32,uint8,float32,int16,int16,0,12,True
train,Area_3,office_2,./data/s3dis/train/Area_3/office_2,,,False,True,True,739209x3,739209x3,739209x3,739209x1,739209x1,float32,uint8,float32,int16,int16,0,12,True
train,Area_3,office_3,./data/s3dis/train/Area_3/office_3,,,False,True,True,790601x3,790601x3,790601x3,790601x1,790601x1,float32,uint8,float32,int16,int16,0,12,True
train,Area_3,office_4,./data/s3dis/train/Area_3/office_4,,,False,True,True,795551x3,795551x3,795551x3,795551x1,795551x1,float32,uint8,float32,int16,int16,0,12,True
train,Area_3,office_5,./data/s3dis/train/Area_3/office_5,,,False,True,True,800364x3,800364x3,800364x3,800364x1,800364x1,float32,uint8,float32,int16,int16,0,12,True
train,Area_3,office_6,./data/s3dis/train/Area_3/office_6,,,False,True,True,760942x3,760942x3,760942x3,760942x1,760942x1,float32,uint8,float32,int16,int16,0,12,True
train,Area_3,office_7,./data/s3dis/train/Area_3/office_7,,,False,True,True,839708x3,839708x3,839708x3,839708x1,839708x1,float32,uint8,float32,int16,int16,0,12,True
train,Area_3,office_8,./data/s3dis/train/Area_3/office_8,,,False,True,True,982865x3,982865x3,982865x3,982865x1,982865x1,float32,uint8,float32,int16,int16,0,12,True
train,Area_3,office_9,./data/s3dis/train/Area_3/office_9,,,False,True,True,603754x3,603754x3,603754x3,603754x1,603754x1,float32,uint8,float32,int16,int16,0,12,True
train,Area_3,storage_1,./data/s3dis/train/Area_3/storage_1,,,False,True,True,178968x3,178968x3,178968x3,178968x1,178968x1,float32,uint8,float32,int16,int16,0,12,True
train,Area_3,storage_2,./data/s3dis/train/Area_3/storage_2,,,False,True,True,93170x3,93170x3,93170x3,93170x1,93170x1,float32,uint8,float32,int16,int16,0,12,True
train,Area_4,WC_1,./data/s3dis/train/Area_4/WC_1,,,False,True,True,270336x3,270336x3,270336x3,270336x1,270336x1,float32,uint8,float32,int16,int16,0,12,True
train,Area_4,WC_2,./data/s3dis/train/Area_4/WC_2,,,False,True,True,480011x3,480011x3,480011x3,480011x1,480011x1,float32,uint8,float32,int16,int16,0,12,True
train,Area_4,WC_3,./data/s3dis/train/Area_4/WC_3,,,False,True,True,232457x3,232457x3,232457x3,232457x1,232457x1,float32,uint8,float32,int16,int16,0,12,True
train,Area_4,WC_4,./data/s3dis/train/Area_4/WC_4,,,False,True,True,618324x3,618324x3,618324x3,618324x1,618324x1,float32,uint8,float32,int16,int16,0,12,True
train,Area_4,conferenceRoom_1,./data/s3dis/train/Area_4/conferenceRoom_1,,,False,True,True,1138116x3,1138116x3,1138116x3,1138116x1,1138116x1,float32,uint8,float32,int16,int16,0,12,True
train,Area_4,conferenceRoom_2,./data/s3dis/train/Area_4/conferenceRoom_2,,,False,True,True,1653935x3,1653935x3,1653935x3,1653935x1,1653935x1,float32,uint8,float32,int16,int16,0,12,True
train,Area_4,conferenceRoom_3,./data/s3dis/train/Area_4/conferenceRoom_3,,,False,True,True,1020604x3,1020604x3,1020604x3,1020604x1,1020604x1,float32,uint8,float32,int16,int16,0,12,True
train,Area_4,hallway_1,./data/s3dis/train/Area_4/hallway_1,,,False,True,True,1403995x3,1403995x3,1403995x3,1403995x1,1403995x1,float32,uint8,float32,int16,int16,0,12,True
train,Area_4,hallway_10,./data/s3dis/train/Area_4/hallway_10,,,False,True,True,1292743x3,1292743x3,1292743x3,1292743x1,1292743x1,float32,uint8,float32,int16,int16,0,12,True
train,Area_4,hallway_11,./data/s3dis/train/Area_4/hallway_11,,,False,True,True,744458x3,744458x3,744458x3,744458x1,744458x1,float32,uint8,float32,int16,int16,0,12,True
train,Area_4,hallway_12,./data/s3dis/train/Area_4/hallway_12,,,False,True,True,984420x3,984420x3,984420x3,984420x1,984420x1,float32,uint8,float32,int16,int16,0,12,True
train,Area_4,hallway_13,./data/s3dis/train/Area_4/hallway_13,,,False,True,True,883137x3,883137x3,883137x3,883137x1,883137x1,float32,uint8,float32,int16,int16,0,12,True
train,Area_4,hallway_14,./data/s3dis/train/Area_4/hallway_14,,,False,True,True,1084456x3,1084456x3,1084456x3,1084456x1,1084456x1,float32,uint8,float32,int16,int16,0,12,True
train,Area_4,hallway_2,./data/s3dis/train/Area_4/hallway_2,,,False,True,True,1116933x3,1116933x3,1116933x3,1116933x1,1116933x1,float32,uint8,float32,int16,int16,0,12,True
train,Area_4,hallway_3,./data/s3dis/train/Area_4/hallway_3,,,False,True,True,2121526x3,2121526x3,2121526x3,2121526x1,2121526x1,float32,uint8,float32,int16,int16,0,12,True
train,Area_4,hallway_4,./data/s3dis/train/Area_4/hallway_4,,,False,True,True,1172789x3,1172789x3,1172789x3,1172789x1,1172789x1,float32,uint8,float32,int16,int16,0,12,True
train,Area_4,hallway_5,./data/s3dis/train/Area_4/hallway_5,,,False,True,True,85855x3,85855x3,85855x3,85855x1,85855x1,float32,uint8,float32,int16,int16,0,12,True
train,Area_4,hallway_6,./data/s3dis/train/Area_4/hallway_6,,,False,True,True,147099x3,147099x3,147099x3,147099x1,147099x1,float32,uint8,float32,int16,int16,0,12,True
train,Area_4,hallway_7,./data/s3dis/train/Area_4/hallway_7,,,False,True,True,1588544x3,1588544x3,1588544x3,1588544x1,1588544x1,float32,uint8,float32,int16,int16,0,12,True
train,Area_4,hallway_8,./data/s3dis/train/Area_4/hallway_8,,,False,True,True,93133x3,93133x3,93133x3,93133x1,93133x1,float32,uint8,float32,int16,int16,0,12,True
train,Area_4,hallway_9,./data/s3dis/train/Area_4/hallway_9,,,False,True,True,400649x3,400649x3,400649x3,400649x1,400649x1,float32,uint8,float32,int16,int16,0,12,True
train,Area_4,lobby_1,./data/s3dis/train/Area_4/lobby_1,,,False,True,True,3979386x3,3979386x3,3979386x3,3979386x1,3979386x1,float32,uint8,float32,int16,int16,0,12,True
train,Area_4,lobby_2,./data/s3dis/train/Area_4/lobby_2,,,False,True,True,2053967x3,2053967x3,2053967x3,2053967x1,2053967x1,float32,uint8,float32,int16,int16,0,12,True
train,Area_4,office_1,./data/s3dis/train/Area_4/office_1,,,False,True,True,575149x3,575149x3,575149x3,575149x1,575149x1,float32,uint8,float32,int16,int16,0,12,True
train,Area_4,office_10,./data/s3dis/train/Area_4/office_10,,,False,True,True,1072201x3,1072201x3,1072201x3,1072201x1,1072201x1,float32,uint8,float32,int16,int16,0,12,True
train,Area_4,office_11,./data/s3dis/train/Area_4/office_11,,,False,True,True,716793x3,716793x3,716793x3,716793x1,716793x1,float32,uint8,float32,int16,int16,0,12,True
train,Area_4,office_12,./data/s3dis/train/Area_4/office_12,,,False,True,True,649910x3,649910x3,649910x3,649910x1,649910x1,float32,uint8,float32,int16,int16,0,12,True
train,Area_4,office_13,./data/s3dis/train/Area_4/office_13,,,False,True,True,697716x3,697716x3,697716x3,697716x1,697716x1,float32,uint8,float32,int16,int16,0,12,True
train,Area_4,office_14,./data/s3dis/train/Area_4/office_14,,,False,True,True,253998x3,253998x3,253998x3,253998x1,253998x1,float32,uint8,float32,int16,int16,0,12,True
train,Area_4,office_15,./data/s3dis/train/Area_4/office_15,,,False,True,True,702596x3,702596x3,702596x3,702596x1,702596x1,float32,uint8,float32,int16,int16,0,12,True
train,Area_4,office_16,./data/s3dis/train/Area_4/office_16,,,False,True,True,2145926x3,2145926x3,2145926x3,2145926x1,2145926x1,float32,uint8,float32,int16,int16,0,12,True
train,Area_4,office_17,./data/s3dis/train/Area_4/office_17,,,False,True,True,1080236x3,1080236x3,1080236x3,1080236x1,1080236x1,float32,uint8,float32,int16,int16,0,12,True
train,Area_4,office_18,./data/s3dis/train/Area_4/office_18,,,False,True,True,753094x3,753094x3,753094x3,753094x1,753094x1,float32,uint8,float32,int16,int16,0,12,True
train,Area_4,office_19,./data/s3dis/train/Area_4/office_19,,,False,True,True,672800x3,672800x3,672800x3,672800x1,672800x1,float32,uint8,float32,int16,int16,0,12,True
train,Area_4,office_2,./data/s3dis/train/Area_4/office_2,,,False,True,True,499730x3,499730x3,499730x3,499730x1,499730x1,float32,uint8,float32,int16,int16,0,12,True
train,Area_4,office_20,./data/s3dis/train/Area_4/office_20,,,False,True,True,909214x3,909214x3,909214x3,909214x1,909214x1,float32,uint8,float32,int16,int16,0,12,True
train,Area_4,office_21,./data/s3dis/train/Area_4/office_21,,,False,True,True,973020x3,973020x3,973020x3,973020x1,973020x1,float32,uint8,float32,int16,int16,0,12,True
train,Area_4,office_22,./data/s3dis/train/Area_4/office_22,,,False,True,True,509439x3,509439x3,509439x3,509439x1,509439x1,float32,uint8,float32,int16,int16,0,12,True
train,Area_4,office_3,./data/s3dis/train/Area_4/office_3,,,False,True,True,585985x3,585985x3,585985x3,585985x1,585985x1,float32,uint8,float32,int16,int16,0,12,True
train,Area_4,office_4,./data/s3dis/train/Area_4/office_4,,,False,True,True,827508x3,827508x3,827508x3,827508x1,827508x1,float32,uint8,float32,int16,int16,0,12,True
train,Area_4,office_5,./data/s3dis/train/Area_4/office_5,,,False,True,True,957597x3,957597x3,957597x3,957597x1,957597x1,float32,uint8,float32,int16,int16,0,12,True
train,Area_4,office_6,./data/s3dis/train/Area_4/office_6,,,False,True,True,717943x3,717943x3,717943x3,717943x1,717943x1,float32,uint8,float32,int16,int16,0,12,True
train,Area_4,office_7,./data/s3dis/train/Area_4/office_7,,,False,True,True,698018x3,698018x3,698018x3,698018x1,698018x1,float32,uint8,float32,int16,int16,0,12,True
train,Area_4,office_8,./data/s3dis/train/Area_4/office_8,,,False,True,True,634994x3,634994x3,634994x3,634994x1,634994x1,float32,uint8,float32,int16,int16,0,12,True
train,Area_4,office_9,./data/s3dis/train/Area_4/office_9,,,False,True,True,1069592x3,1069592x3,1069592x3,1069592x1,1069592x1,float32,uint8,float32,int16,int16,0,12,True
train,Area_4,storage_1,./data/s3dis/train/Area_4/storage_1,,,False,True,True,151662x3,151662x3,151662x3,151662x1,151662x1,float32,uint8,float32,int16,int16,0,12,True
train,Area_4,storage_2,./data/s3dis/train/Area_4/storage_2,,,False,True,True,354169x3,354169x3,354169x3,354169x1,354169x1,float32,uint8,float32,int16,int16,0,8,True
train,Area_4,storage_3,./data/s3dis/train/Area_4/storage_3,,,False,True,True,386793x3,386793x3,386793x3,386793x1,386793x1,float32,uint8,float32,int16,int16,0,12,True
train,Area_4,storage_4,./data/s3dis/train/Area_4/storage_4,,,False,True,True,307058x3,307058x3,307058x3,307058x1,307058x1,float32,uint8,float32,int16,int16,0,12,True
train,Area_6,conferenceRoom_1,./data/s3dis/train/Area_6/conferenceRoom_1,,,False,True,True,1067709x3,1067709x3,1067709x3,1067709x1,1067709x1,float32,uint8,float32,int16,int16,0,12,True
train,Area_6,copyRoom_1,./data/s3dis/train/Area_6/copyRoom_1,,,False,True,True,536617x3,536617x3,536617x3,536617x1,536617x1,float32,uint8,float32,int16,int16,0,12,True
train,Area_6,hallway_1,./data/s3dis/train/Area_6/hallway_1,,,False,True,True,3200003x3,3200003x3,3200003x3,3200003x1,3200003x1,float32,uint8,float32,int16,int16,0,12,True
train,Area_6,hallway_2,./data/s3dis/train/Area_6/hallway_2,,,False,True,True,3137948x3,3137948x3,3137948x3,3137948x1,3137948x1,float32,uint8,float32,int16,int16,0,12,True
train,Area_6,hallway_3,./data/s3dis/train/Area_6/hallway_3,,,False,True,True,312914x3,312914x3,312914x3,312914x1,312914x1,float32,uint8,float32,int16,int16,0,12,True
train,Area_6,hallway_4,./data/s3dis/train/Area_6/hallway_4,,,False,True,True,324860x3,324860x3,324860x3,324860x1,324860x1,float32,uint8,float32,int16,int16,0,12,True
train,Area_6,hallway_5,./data/s3dis/train/Area_6/hallway_5,,,False,True,True,593808x3,593808x3,593808x3,593808x1,593808x1,float32,uint8,float32,int16,int16,0,12,True
train,Area_6,hallway_6,./data/s3dis/train/Area_6/hallway_6,,,False,True,True,955888x3,955888x3,955888x3,955888x1,955888x1,float32,uint8,float32,int16,int16,0,12,True
train,Area_6,lounge_1,./data/s3dis/train/Area_6/lounge_1,,,False,True,True,1304868x3,1304868x3,1304868x3,1304868x1,1304868x1,float32,uint8,float32,int16,int16,0,12,True
train,Area_6,office_1,./data/s3dis/train/Area_6/office_1,,,False,True,True,796826x3,796826x3,796826x3,796826x1,796826x1,float32,uint8,float32,int16,int16,0,12,True
train,Area_6,office_10,./data/s3dis/train/Area_6/office_10,,,False,True,True,778459x3,778459x3,778459x3,778459x1,778459x1,float32,uint8,float32,int16,int16,0,12,True
train,Area_6,office_11,./data/s3dis/train/Area_6/office_11,,,False,True,True,563893x3,563893x3,563893x3,563893x1,563893x1,float32,uint8,float32,int16,int16,0,12,True
train,Area_6,office_12,./data/s3dis/train/Area_6/office_12,,,False,True,True,608666x3,608666x3,608666x3,608666x1,608666x1,float32,uint8,float32,int16,int16,0,12,True
train,Area_6,office_13,./data/s3dis/train/Area_6/office_13,,,False,True,True,505593x3,505593x3,505593x3,505593x1,505593x1,float32,uint8,float32,int16,int16,0,12,True
train,Area_6,office_14,./data/s3dis/train/Area_6/office_14,,,False,True,True,471408x3,471408x3,471408x3,471408x1,471408x1,float32,uint8,float32,int16,int16,0,12,True
train,Area_6,office_15,./data/s3dis/train/Area_6/office_15,,,False,True,True,511794x3,511794x3,511794x3,511794x1,511794x1,float32,uint8,float32,int16,int16,0,12,True
train,Area_6,office_16,./data/s3dis/train/Area_6/office_16,,,False,True,True,619040x3,619040x3,619040x3,619040x1,619040x1,float32,uint8,float32,int16,int16,0,12,True
train,Area_6,office_17,./data/s3dis/train/Area_6/office_17,,,False,True,True,538932x3,538932x3,538932x3,538932x1,538932x1,float32,uint8,float32,int16,int16,0,12,True
train,Area_6,office_18,./data/s3dis/train/Area_6/office_18,,,False,True,True,515012x3,515012x3,515012x3,515012x1,515012x1,float32,uint8,float32,int16,int16,0,12,True
train,Area_6,office_19,./data/s3dis/train/Area_6/office_19,,,False,True,True,515366x3,515366x3,515366x3,515366x1,515366x1,float32,uint8,float32,int16,int16,0,12,True
train,Area_6,office_2,./data/s3dis/train/Area_6/office_2,,,False,True,True,774438x3,774438x3,774438x3,774438x1,774438x1,float32,uint8,float32,int16,int16,0,12,True
train,Area_6,office_20,./data/s3dis/train/Area_6/office_20,,,False,True,True,527493x3,527493x3,527493x3,527493x1,527493x1,float32,uint8,float32,int16,int16,0,12,True
train,Area_6,office_21,./data/s3dis/train/Area_6/office_21,,,False,True,True,563435x3,563435x3,563435x3,563435x1,563435x1,float32,uint8,float32,int16,int16,0,12,True
train,Area_6,office_22,./data/s3dis/train/Area_6/office_22,,,False,True,True,458035x3,458035x3,458035x3,458035x1,458035x1,float32,uint8,float32,int16,int16,0,12,True
train,Area_6,office_23,./data/s3dis/train/Area_6/office_23,,,False,True,True,800830x3,800830x3,800830x3,800830x1,800830x1,float32,uint8,float32,int16,int16,0,12,True
train,Area_6,office_24,./data/s3dis/train/Area_6/office_24,,,False,True,True,793044x3,793044x3,793044x3,793044x1,793044x1,float32,uint8,float32,int16,int16,0,12,True
train,Area_6,office_25,./data/s3dis/train/Area_6/office_25,,,False,True,True,796064x3,796064x3,796064x3,796064x1,796064x1,float32,uint8,float32,int16,int16,0,12,True
train,Area_6,office_26,./data/s3dis/train/Area_6/office_26,,,False,True,True,790788x3,790788x3,790788x3,790788x1,790788x1,float32,uint8,float32,int16,int16,0,12,True
train,Area_6,office_27,./data/s3dis/train/Area_6/office_27,,,False,True,True,758821x3,758821x3,758821x3,758821x1,758821x1,float32,uint8,float32,int16,int16,0,12,True
train,Area_6,office_28,./data/s3dis/train/Area_6/office_28,,,False,True,True,765859x3,765859x3,765859x3,765859x1,765859x1,float32,uint8,float32,int16,int16,0,12,True
train,Area_6,office_29,./data/s3dis/train/Area_6/office_29,,,False,True,True,839599x3,839599x3,839599x3,839599x1,839599x1,float32,uint8,float32,int16,int16,0,12,True
train,Area_6,office_3,./data/s3dis/train/Area_6/office_3,,,False,True,True,767446x3,767446x3,767446x3,767446x1,767446x1,float32,uint8,float32,int16,int16,0,12,True
train,Area_6,office_30,./data/s3dis/train/Area_6/office_30,,,False,True,True,780774x3,780774x3,780774x3,780774x1,780774x1,float32,uint8,float32,int16,int16,0,12,True
train,Area_6,office_31,./data/s3dis/train/Area_6/office_31,,,False,True,True,526365x3,526365x3,526365x3,526365x1,526365x1,float32,uint8,float32,int16,int16,0,12,True
train,Area_6,office_32,./data/s3dis/train/Area_6/office_32,,,False,True,True,834848x3,834848x3,834848x3,834848x1,834848x1,float32,uint8,float32,int16,int16,0,12,True
train,Area_6,office_33,./data/s3dis/train/Area_6/office_33,,,False,True,True,772324x3,772324x3,772324x3,772324x1,772324x1,float32,uint8,float32,int16,int16,0,12,True
train,Area_6,office_34,./data/s3dis/train/Area_6/office_34,,,False,True,True,748254x3,748254x3,748254x3,748254x1,748254x1,float32,uint8,float32,int16,int16,0,12,True
train,Area_6,office_35,./data/s3dis/train/Area_6/office_35,,,False,True,True,772518x3,772518x3,772518x3,772518x1,772518x1,float32,uint8,float32,int16,int16,0,12,True
train,Area_6,office_36,./data/s3dis/train/Area_6/office_36,,,False,True,True,819528x3,819528x3,819528x3,819528x1,819528x1,float32,uint8,float32,int16,int16,0,12,True
train,Area_6,office_37,./data/s3dis/train/Area_6/office_37,,,False,True,True,815859x3,815859x3,815859x3,815859x1,815859x1,float32,uint8,float32,int16,int16,0,12,True
train,Area_6,office_4,./data/s3dis/train/Area_6/office_4,,,False,True,True,763454x3,763454x3,763454x3,763454x1,763454x1,float32,uint8,float32,int16,int16,0,12,True
train,Area_6,office_5,./data/s3dis/train/Area_6/office_5,,,False,True,True,832677x3,832677x3,832677x3,832677x1,832677x1,float32,uint8,float32,int16,int16,0,12,True
train,Area_6,office_6,./data/s3dis/train/Area_6/office_6,,,False,True,True,798764x3,798764x3,798764x3,798764x1,798764x1,float32,uint8,float32,int16,int16,0,12,True
train,Area_6,office_7,./data/s3dis/train/Area_6/office_7,,,False,True,True,784777x3,784777x3,784777x3,784777x1,784777x1,float32,uint8,float32,int16,int16,0,12,True
train,Area_6,office_8,./data/s3dis/train/Area_6/office_8,,,False,True,True,1508952x3,1508952x3,1508952x3,1508952x1,1508952x1,float32,uint8,float32,int16,int16,0,12,True
train,Area_6,office_9,./data/s3dis/train/Area_6/office_9,,,False,True,True,1635561x3,1635561x3,1635561x3,1635561x1,1635561x1,float32,uint8,float32,int16,int16,0,12,True
train,Area_6,openspace_1,./data/s3dis/train/Area_6/openspace_1,,,False,True,True,1966712x3,1966712x3,1966712x3,1966712x1,1966712x1,float32,uint8,float32,int16,int16,0,12,True
train,Area_6,pantry_1,./data/s3dis/train/Area_6/pantry_1,,,False,True,True,496232x3,496232x3,496232x3,496232x1,496232x1,float32,uint8,float32,int16,int16,0,12,True
val,Area_5,WC_1,./data/s3dis/val/Area_5/WC_1,,,False,True,True,719348x3,719348x3,719348x3,719348x1,719348x1,float32,uint8,float32,int16,int16,0,12,True
val,Area_5,WC_2,./data/s3dis/val/Area_5/WC_2,,,False,True,True,640250x3,640250x3,640250x3,640250x1,640250x1,float32,uint8,float32,int16,int16,0,12,True
val,Area_5,conferenceRoom_1,./data/s3dis/val/Area_5/conferenceRoom_1,,,False,True,True,1047554x3,1047554x3,1047554x3,1047554x1,1047554x1,float32,uint8,float32,int16,int16,0,12,True
val,Area_5,conferenceRoom_2,./data/s3dis/val/Area_5/conferenceRoom_2,,,False,True,True,1922357x3,1922357x3,1922357x3,1922357x1,1922357x1,float32,uint8,float32,int16,int16,0,12,True
val,Area_5,conferenceRoom_3,./data/s3dis/val/Area_5/conferenceRoom_3,,,False,True,True,1507439x3,1507439x3,1507439x3,1507439x1,1507439x1,float32,uint8,float32,int16,int16,0,12,True
val,Area_5,hallway_1,./data/s3dis/val/Area_5/hallway_1,,,False,True,True,3361173x3,3361173x3,3361173x3,3361173x1,3361173x1,float32,uint8,float32,int16,int16,0,12,True
val,Area_5,hallway_10,./data/s3dis/val/Area_5/hallway_10,,,False,True,True,1210360x3,1210360x3,1210360x3,1210360x1,1210360x1,float32,uint8,float32,int16,int16,0,12,True
val,Area_5,hallway_11,./data/s3dis/val/Area_5/hallway_11,,,False,True,True,811640x3,811640x3,811640x3,811640x1,811640x1,float32,uint8,float32,int16,int16,0,6,True
val,Area_5,hallway_12,./data/s3dis/val/Area_5/hallway_12,,,False,True,True,810024x3,810024x3,810024x3,810024x1,810024x1,float32,uint8,float32,int16,int16,0,12,True
val,Area_5,hallway_13,./data/s3dis/val/Area_5/hallway_13,,,False,True,True,1286197x3,1286197x3,1286197x3,1286197x1,1286197x1,float32,uint8,float32,int16,int16,0,12,True
val,Area_5,hallway_14,./data/s3dis/val/Area_5/hallway_14,,,False,True,True,743965x3,743965x3,743965x3,743965x1,743965x1,float32,uint8,float32,int16,int16,0,12,True
val,Area_5,hallway_15,./data/s3dis/val/Area_5/hallway_15,,,False,True,True,1280664x3,1280664x3,1280664x3,1280664x1,1280664x1,float32,uint8,float32,int16,int16,0,12,True
val,Area_5,hallway_2,./data/s3dis/val/Area_5/hallway_2,,,False,True,True,4481021x3,4481021x3,4481021x3,4481021x1,4481021x1,float32,uint8,float32,int16,int16,0,12,True
val,Area_5,hallway_3,./data/s3dis/val/Area_5/hallway_3,,,False,True,True,1272342x3,1272342x3,1272342x3,1272342x1,1272342x1,float32,uint8,float32,int16,int16,0,12,True
val,Area_5,hallway_4,./data/s3dis/val/Area_5/hallway_4,,,False,True,True,1027382x3,1027382x3,1027382x3,1027382x1,1027382x1,float32,uint8,float32,int16,int16,0,12,True
val,Area_5,hallway_5,./data/s3dis/val/Area_5/hallway_5,,,False,True,True,2865301x3,2865301x3,2865301x3,2865301x1,2865301x1,float32,uint8,float32,int16,int16,0,12,True
val,Area_5,hallway_6,./data/s3dis/val/Area_5/hallway_6,,,False,True,True,1100937x3,1100937x3,1100937x3,1100937x1,1100937x1,float32,uint8,float32,int16,int16,0,12,True
val,Area_5,hallway_7,./data/s3dis/val/Area_5/hallway_7,,,False,True,True,1256534x3,1256534x3,1256534x3,1256534x1,1256534x1,float32,uint8,float32,int16,int16,0,12,True
val,Area_5,hallway_8,./data/s3dis/val/Area_5/hallway_8,,,False,True,True,526782x3,526782x3,526782x3,526782x1,526782x1,float32,uint8,float32,int16,int16,0,12,True
val,Area_5,hallway_9,./data/s3dis/val/Area_5/hallway_9,,,False,True,True,1201560x3,1201560x3,1201560x3,1201560x1,1201560x1,float32,uint8,float32,int16,int16,0,12,True
val,Area_5,lobby_1,./data/s3dis/val/Area_5/lobby_1,,,False,True,True,1223236x3,1223236x3,1223236x3,1223236x1,1223236x1,float32,uint8,float32,int16,int16,0,12,True
val,Area_5,office_1,./data/s3dis/val/Area_5/office_1,,,False,True,True,816136x3,816136x3,816136x3,816136x1,816136x1,float32,uint8,float32,int16,int16,0,12,True
val,Area_5,office_10,./data/s3dis/val/Area_5/office_10,,,False,True,True,752349x3,752349x3,752349x3,752349x1,752349x1,float32,uint8,float32,int16,int16,0,12,True
val,Area_5,office_11,./data/s3dis/val/Area_5/office_11,,,False,True,True,868668x3,868668x3,868668x3,868668x1,868668x1,float32,uint8,float32,int16,int16,0,12,True
val,Area_5,office_12,./data/s3dis/val/Area_5/office_12,,,False,True,True,844731x3,844731x3,844731x3,844731x1,844731x1,float32,uint8,float32,int16,int16,0,12,True
val,Area_5,office_13,./data/s3dis/val/Area_5/office_13,,,False,True,True,1031980x3,1031980x3,1031980x3,1031980x1,1031980x1,float32,uint8,float32,int16,int16,0,12,True
val,Area_5,office_14,./data/s3dis/val/Area_5/office_14,,,False,True,True,1192488x3,1192488x3,1192488x3,1192488x1,1192488x1,float32,uint8,float32,int16,int16,0,12,True
val,Area_5,office_15,./data/s3dis/val/Area_5/office_15,,,False,True,True,1317779x3,1317779x3,1317779x3,1317779x1,1317779x1,float32,uint8,float32,int16,int16,0,12,True
val,Area_5,office_16,./data/s3dis/val/Area_5/office_16,,,False,True,True,745900x3,745900x3,745900x3,745900x1,745900x1,float32,uint8,float32,int16,int16,0,12,True
val,Area_5,office_17,./data/s3dis/val/Area_5/office_17,,,False,True,True,1012866x3,1012866x3,1012866x3,1012866x1,1012866x1,float32,uint8,float32,int16,int16,0,12,True
val,Area_5,office_18,./data/s3dis/val/Area_5/office_18,,,False,True,True,1310739x3,1310739x3,1310739x3,1310739x1,1310739x1,float32,uint8,float32,int16,int16,0,12,True
val,Area_5,office_19,./data/s3dis/val/Area_5/office_19,,,False,True,True,1641506x3,1641506x3,1641506x3,1641506x1,1641506x1,float32,uint8,float32,int16,int16,0,12,True
val,Area_5,office_2,./data/s3dis/val/Area_5/office_2,,,False,True,True,867248x3,867248x3,867248x3,867248x1,867248x1,float32,uint8,float32,int16,int16,0,12,True
val,Area_5,office_20,./data/s3dis/val/Area_5/office_20,,,False,True,True,513674x3,513674x3,513674x3,513674x1,513674x1,float32,uint8,float32,int16,int16,0,12,True
val,Area_5,office_21,./data/s3dis/val/Area_5/office_21,,,False,True,True,2047655x3,2047655x3,2047655x3,2047655x1,2047655x1,float32,uint8,float32,int16,int16,0,12,True
val,Area_5,office_22,./data/s3dis/val/Area_5/office_22,,,False,True,True,789364x3,789364x3,789364x3,789364x1,789364x1,float32,uint8,float32,int16,int16,0,12,True
val,Area_5,office_23,./data/s3dis/val/Area_5/office_23,,,False,True,True,897251x3,897251x3,897251x3,897251x1,897251x1,float32,uint8,float32,int16,int16,0,12,True
val,Area_5,office_24,./data/s3dis/val/Area_5/office_24,,,False,True,True,1588824x3,1588824x3,1588824x3,1588824x1,1588824x1,float32,uint8,float32,int16,int16,0,12,True
val,Area_5,office_25,./data/s3dis/val/Area_5/office_25,,,False,True,True,633286x3,633286x3,633286x3,633286x1,633286x1,float32,uint8,float32,int16,int16,0,12,True
val,Area_5,office_26,./data/s3dis/val/Area_5/office_26,,,False,True,True,744988x3,744988x3,744988x3,744988x1,744988x1,float32,uint8,float32,int16,int16,0,12,True
val,Area_5,office_27,./data/s3dis/val/Area_5/office_27,,,False,True,True,737347x3,737347x3,737347x3,737347x1,737347x1,float32,uint8,float32,int16,int16,0,12,True
val,Area_5,office_28,./data/s3dis/val/Area_5/office_28,,,False,True,True,777028x3,777028x3,777028x3,777028x1,777028x1,float32,uint8,float32,int16,int16,0,12,True
val,Area_5,office_29,./data/s3dis/val/Area_5/office_29,,,False,True,True,1654230x3,1654230x3,1654230x3,1654230x1,1654230x1,float32,uint8,float32,int16,int16,0,12,True
val,Area_5,office_3,./data/s3dis/val/Area_5/office_3,,,False,True,True,760563x3,760563x3,760563x3,760563x1,760563x1,float32,uint8,float32,int16,int16,0,12,True
val,Area_5,office_30,./data/s3dis/val/Area_5/office_30,,,False,True,True,481837x3,481837x3,481837x3,481837x1,481837x1,float32,uint8,float32,int16,int16,0,12,True
val,Area_5,office_31,./data/s3dis/val/Area_5/office_31,,,False,True,True,818107x3,818107x3,818107x3,818107x1,818107x1,float32,uint8,float32,int16,int16,0,12,True
val,Area_5,office_32,./data/s3dis/val/Area_5/office_32,,,False,True,True,809428x3,809428x3,809428x3,809428x1,809428x1,float32,uint8,float32,int16,int16,0,12,True
val,Area_5,office_33,./data/s3dis/val/Area_5/office_33,,,False,True,True,852519x3,852519x3,852519x3,852519x1,852519x1,float32,uint8,float32,int16,int16,0,12,True
val,Area_5,office_34,./data/s3dis/val/Area_5/office_34,,,False,True,True,889970x3,889970x3,889970x3,889970x1,889970x1,float32,uint8,float32,int16,int16,0,12,True
val,Area_5,office_35,./data/s3dis/val/Area_5/office_35,,,False,True,True,909089x3,909089x3,909089x3,909089x1,909089x1,float32,uint8,float32,int16,int16,0,12,True
val,Area_5,office_36,./data/s3dis/val/Area_5/office_36,,,False,True,True,1301245x3,1301245x3,1301245x3,1301245x1,1301245x1,float32,uint8,float32,int16,int16,0,12,True
val,Area_5,office_37,./data/s3dis/val/Area_5/office_37,,,False,True,True,2575390x3,2575390x3,2575390x3,2575390x1,2575390x1,float32,uint8,float32,int16,int16,0,12,True
val,Area_5,office_38,./data/s3dis/val/Area_5/office_38,,,False,True,True,2721241x3,2721241x3,2721241x3,2721241x1,2721241x1,float32,uint8,float32,int16,int16,0,12,True
val,Area_5,office_39,./data/s3dis/val/Area_5/office_39,,,False,True,True,928712x3,928712x3,928712x3,928712x1,928712x1,float32,uint8,float32,int16,int16,0,12,True
val,Area_5,office_4,./data/s3dis/val/Area_5/office_4,,,False,True,True,820397x3,820397x3,820397x3,820397x1,820397x1,float32,uint8,float32,int16,int16,0,12,True
val,Area_5,office_40,./data/s3dis/val/Area_5/office_40,,,False,True,True,2495982x3,2495982x3,2495982x3,2495982x1,2495982x1,float32,uint8,float32,int16,int16,0,12,True
val,Area_5,office_41,./data/s3dis/val/Area_5/office_41,,,False,True,True,1423998x3,1423998x3,1423998x3,1423998x1,1423998x1,float32,uint8,float32,int16,int16,0,12,True
val,Area_5,office_42,./data/s3dis/val/Area_5/office_42,,,False,True,True,844478x3,844478x3,844478x3,844478x1,844478x1,float32,uint8,float32,int16,int16,0,12,True
val,Area_5,office_5,./data/s3dis/val/Area_5/office_5,,,False,True,True,766453x3,766453x3,766453x3,766453x1,766453x1,float32,uint8,float32,int16,int16,0,12,True
val,Area_5,office_6,./data/s3dis/val/Area_5/office_6,,,False,True,True,750592x3,750592x3,750592x3,750592x1,750592x1,float32,uint8,float32,int16,int16,0,12,True
val,Area_5,office_7,./data/s3dis/val/Area_5/office_7,,,False,True,True,821442x3,821442x3,821442x3,821442x1,821442x1,float32,uint8,float32,int16,int16,0,12,True
val,Area_5,office_8,./data/s3dis/val/Area_5/office_8,,,False,True,True,884812x3,884812x3,884812x3,884812x1,884812x1,float32,uint8,float32,int16,int16,0,12,True
val,Area_5,office_9,./data/s3dis/val/Area_5/office_9,,,False,True,True,780337x3,780337x3,780337x3,780337x1,780337x1,float32,uint8,float32,int16,int16,0,12,True
val,Area_5,pantry_1,./data/s3dis/val/Area_5/pantry_1,,,False,True,True,721359x3,721359x3,721359x3,721359x1,721359x1,float32,uint8,float32,int16,int16,0,12,True
val,Area_5,storage_1,./data/s3dis/val/Area_5/storage_1,,,False,True,True,637533x3,637533x3,637533x3,637533x1,637533x1,float32,uint8,float32,int16,int16,0,12,True
val,Area_5,storage_2,./data/s3dis/val/Area_5/storage_2,,,False,True,True,780299x3,780299x3,780299x3,780299x1,780299x1,float32,uint8,float32,int16,int16,0,12,True
val,Area_5,storage_3,./data/s3dis/val/Area_5/storage_3,,,False,True,True,175538x3,175538x3,175538x3,175538x1,175538x1,float32,uint8,float32,int16,int16,0,12,True
val,Area_5,storage_4,./data/s3dis/val/Area_5/storage_4,,,False,True,True,685639x3,685639x3,685639x3,685639x1,685639x1,float32,uint8,float32,int16,int16,0,12,True
